{
  "task_id": "he_task_001",
  "design_id": "valid_design_001",
  "status": "success",
  "error_message": null,
  "reward": {
    "normalized_total": 0.7252510956755431,
    "components": {
      "heat_duty_reward": 1.0,
      "pressure_drop_tube_reward": 1.0,
      "pressure_drop_shell_reward": 1.0,
      "effectiveness_reward": 0.5328193479721449,
      "cost_reward": 1.0,
      "penalty_factor": 0.8
    },
    "is_valid": true,
    "error_message": null
  },
  "metrics": {
    "heat_duty_W": 334237.5769829265,
    "heat_duty_kW": 334.2375769829265,
    "overall_U_dirty_W_m2K": 349.2711700579351,
    "overall_U_clean_W_m2K": 405.33339225594193,
    "fouling_Bg": 1.1605120233333532,
    "area_m2": 47.1238898038469,
    "effectiveness": 0.5328193479721449,
    "NTU": 1.5742722266351798,
    "LMTD_K": 28.061347542680164,
    "F_LMTD": 0.0,
    "t_hot_out_C": 48.09187809232208,
    "t_cold_out_C": 51.969160878328694,
    "min_approach_C": 28.030839121671306,
    "temp_cross_C": 3.8772827860066172,
    "R_conv_tube_frac": 0.47220519486004153,
    "R_wall_frac": 0.019484402314599233,
    "R_conv_shell_frac": 0.36999901948241687,
    "R_fouling_frac": 0.1383113833429423,
    "v_tube_m_s": 0.08188667580360945,
    "v_shell_m_s": 0.06261270286515729,
    "v_nozzle_hot_m_s": 1.3101868128577512,
    "v_nozzle_cold_m_s": 1.2755355086507338,
    "G_tube_kg_m2s": 79.57747154594766,
    "G_shell_kg_m2s": 62.50000000000001,
    "Re_tube": 4483.237833574516,
    "Re_shell": 1542.9091639357096,
    "flow_regime_tube": "turbulent",
    "flow_regime_shell": "cross-flow (shell)",
    "dp_tube_Pa": 1769.6920373779926,
    "dp_tube_kPa": 1.7696920373779925,
    "dp_shell_Pa": 1878.3492633366034,
    "dp_shell_kPa": 1.8783492633366035,
    "dp_tube_per_m_Pa": 294.9486728963321,
    "dp_shell_per_m_Pa": 313.05821055610056,
    "dp_tube_friction_Pa": 75.44503780196005,
    "dp_tube_header_Pa": 26.065338455015887,
    "dp_tube_nozzle_Pa": 1668.1816611210168,
    "dp_shell_cross_Pa": 160.32417406787022,
    "dp_shell_window_Pa": 93.96283894073868,
    "dp_shell_nozzle_Pa": 1624.0622503279944,
    "h_i_W_m2K": 924.5746707674847,
    "h_o_W_m2K": 943.9786368799638,
    "T_wall_inner_C": 53.44536359891754,
    "T_wall_outer_C": 46.36725560909758,
    "tube_thickness_mm": 2.5000000000000004,
    "tube_thickness_min_mm": 0.0073948915512606845,
    "tube_thickness_ok": 1.0,
    "shell_thickness_mm": 6.0,
    "shell_thickness_min_mm": 0.14789783102521367,
    "shell_thickness_ok": 1.0,
    "v_critical_vibration_m_s": 0.09430880292741523,
    "vibration_ok": 1.0,
    "span_ok": 1.0,
    "unsupported_span_m": 0.5,
    "dry_weight_kg": 1192.7782217256633,
    "wet_weight_kg": 1834.5891074926267,
    "pitch_ratio": 1.25,
    "pitch_m": 0.03125,
    "D_bundle_m": 0.2952734180410451,
    "D_tubesheet_m": 0.41200000000000003,
    "tube_passes": 2,
    "baffle_count": 11.0,
    "baffle_spacing_m": 0.5,
    "baffle_cut_pct": 25.0,
    "baffle_cut_height_m": 0.1,
    "exchanger_volume_m3": 0.7539822368615504,
    "L_D_ratio": 15.0,
    "mass_total_kg": 1303.6563362044,
    "cost_capital_USD": 16193.876034452802,
    "pump_power_hot_W": 6.503734003829392,
    "pump_power_cold_W": 6.720487102987533,
    "pump_power_total_W": 13.224221106816923,
    "annual_energy_kWh": 105.79376885453539,
    "cost_operating_USD_per_yr": 10.57937688545354,
    "cost_annualised_USD_per_yr": 3249.354583776014,
    "cost_per_m2_USD": 343.64472249340577,
    "cost_per_kW_duty_USD": 48.45019575785166,
    "cost_per_kW_annualised_USD": 9.72169141814356,
    "num_warnings": 2.0
  },
  "raw_simulation_output": {
    "C_hot_W_K": 10475.0,
    "C_cold_W_K": 10455.0,
    "C_r": 0.9980906921241051,
    "R_total_K_W": 0.00006075697308598192,
    "warnings": [
      "Tube velocity 0.08 m/s < min 0.5 m/s (fouling risk)",
      "F = 0.000 < 0.75 (poor design — reconsider configuration)"
    ]
  }
}